word_name,class_name
orange,B
inn,A
bringing,B
seen,B
probability,A
ss,B
treasures,A
volunteer,A
supply,B
av,B
than,B
permits,A
keith,A
cannon,B
southeast,A
preparing,A
checking,B
pentium,A
pools,A
full,B
occasions,A
securities,B
flexible,B
gis,A
passengers,B
identifier,B
aimed,A
bishop,B
begin,A
coin,B
houston,A
rim,A
crucial,A
networking,B
ave,A
surround,B
morgan,B
client,B
collector,A
subaru,B
festival,B
gallery,A
runner,B
hint,B
msgid,A
centered,B
klein,A
scanner,A
email,A
wrapping,B
tier,B
lens,B
carpet,B
awards,B
heads,A
bowl,B
update,B
mo,B
aviation,B
sought,B
producers,A
marco,A
boutique,B
conversion,B
innovative,B
tucson,B
toolkit,A
hitting,A
included,B
lights,B
shift,A
adam,B
casio,A
freeze,B
parliamentary,A
journey,A
headers,A
studies,A
combines,B
dublin,B
begun,A
we,B
bolivia,A
burke,A
mobiles,A
that,B
breakdown,A
side,B
household,A
sq,B
dramatically,B
nevertheless,B
distributors,B
myth,B
auctions,B
bulk,B
forgotten,A
hung,B
contractor,B
legends,A
composite,A
insured,A
gym,A
expected,B
showers,A
comparing,A
promised,B
nick,B
scheme,B
this,B
present,A
google,B
argue,A
kilometers,B
saved,A
auckland,B
chips,A
cadillac,B
magic,A
backgrounds,A
notebooks,A
close,A
abuse,A
nightmare,A
planner,A
brad,B
sponsored,A
sites,A
cleaner,A
innovations,A
affecting,A
alberta,A
nfl,A
introduce,A
cabinets,B
inbox,A
vegetable,A
driving,A
mail,B
sunshine,B
fifty,A
millions,B
normal,B
bras,B
fuji,B
senator,A
pac,A
pamela,B
condos,B
kevin,A
urls,B
responded,A
sydney,B
tobago,B
longer,B
literally,A
fly,A
skills,B
wanting,A
raising,A
nations,A
holy,B
sv,B
hottest,A
wednesday,A
german,B
sticky,B
find,B
mi,B
guard,A
accept,B
country,A
battlefield,A
fundraising,A
analyst,A
american,B
appliances,B
technical,A
accuracy,B
solution,B
institutions,B
cambridge,A
ing,A
pain,B
harvard,A
comm,B
yet,A
consider,B
changelog,A
lucy,B
showcase,B
noticed,A
fifteen,A
metric,B
grave,A
rating,B
earned,B
trauma,B
japanese,B
wanted,B
defining,B
sacred,B
backing,A
importantly,A
electro,A
begins,B
wishing,A
named,A
adobe,A
ads,A
stunning,B
cardiovascular,B
township,B
vienna,B
ingredients,A
inquiries,A
rest,B
busy,B
today,A
funds,A
severe,B
orientation,A
challenge,A
victory,A
gba,A
leadership,B
jeremy,B
chose,A
governments,A
bedrooms,B
saskatchewan,B
inform,B
thumbzilla,B
adjustable,B
oops,B
convinced,A
spanish,A
achievements,B
inspections,A
reserve,A
altered,A
voluntary,A
picnic,B
durable,A
attacked,B
races,A
somewhat,B
inputs,B
antarctica,B
page,B
thehun,B
lit,A
os,B
delivers,B
lexus,A
fight,A
lounge,B
hopkins,A
chapters,B
below,A
australian,B
danger,B
healthy,A
participated,B
travesti,B
revealed,B
factor,B
arrested,B
constraint,B
composed,B
una,A
adolescent,B
decent,B
springs,A
obvious,A
fossil,B
distances,A
writes,B
prison,B
defence,A
donna,A
primarily,A
afghanistan,A
default,A
xml,A
presentations,A
wolf,B
procurement,A
modelling,A
tc,B
teaching,B
tons,B
caribbean,A
hockey,B
feel,B
bg,B
portraits,A
advisors,B
crossword,A
flowers,A
older,A
rw,B
awesome,A
quest,A
lean,B
tommy,A
marking,A
eclipse,A
drill,A
implement,A
obituaries,B
modify,B
firewire,B
children,B
shoppers,B
reading,A
disclose,B
mixer,A
entrepreneur,B
penalty,A
perfect,A
beneath,A
etc,A
ana,A
garlic,B
adding,B
cradle,B
arena,A
quizzes,A
lesbian,A
award,A
mba,A
buck,B
lone,B
creative,B
honest,B
coating,A
favor,A
vc,B
examinations,B
knee,B
widely,B
mx,B
fix,A
biol,B
late,B
reaches,A
albert,B
offerings,A
carriers,B
nutrition,A
gmt,A
attachment,B
take,B
maritime,B
advantage,A
cricket,A
archive,A
unless,B
marriott,B
put,A
ceiling,A
kiss,B
egg,A
radius,B
passive,A
admin,A
gl,B
ruling,B
limitations,A
quoted,B
pills,A
sheet,A
maintaining,A
col,A
evening,A
left,B
persistent,B
trip,B
chances,A
script,B
nearby,B
sheer,A
poems,A
verbal,B
summaries,A
electron,B
donors,B
tin,A
msgstr,B
closes,B
thriller,B
polish,B
simple,B
nudist,B
clothes,A
industry,B
alabama,A
business,B
hold,B
caught,B
parish,B
al,B
levitra,A
tanks,A
databases,A
resources,A
incidents,A
shuttle,A
iron,B
activity,B
digit,A
clark,A
condition,A
zero,B
judicial,B
delight,A
districts,A
many,B
percentage,B
speak,A
bear,B
forced,B
motor,A
dirt,B
weed,B
acquisitions,B
fda,A
custom,B
misc,B
sublimedirectory,A
diabetes,B
imagine,A
ambassador,B
showed,B
audi,B
studied,A
highways,B
thu,A
thereafter,B
fa,B
repair,B
tax,A
although,B
exclusion,A
validation,B
honolulu,B
ruby,B
cold,B
heavily,A
en,B
winners,A
safety,B
boxed,A
simultaneously,B
logged,B
subject,A
continent,A
around,B
collected,A
devil,A
unnecessary,A
toy,A
math,B
wilderness,B
acceptable,B
personals,A
zu,B
mauritius,A
omissions,A
ago,A
monkey,B
elementary,B
holdem,B
tanzania,B
antiques,B
detected,B
gloves,B
asbestos,B
nest,B
scsi,B
physiology,B
energy,B
federal,A
firmware,B
aboriginal,B
jerry,A
realize,A
place,A
telescope,A
reuters,A
avg,A
patch,A
paintball,A
seal,B
pie,A
hay,A
pale,B
pleasant,B
ottawa,B
lucas,A
submitted,A
prepare,A
famous,B
ear,A
providers,A
ko,B
operate,A
campaign,B
provided,B
precious,B
amenities,A
ol,B
cameras,A
apparatus,A
ie,B
imaging,A
riders,B
illustrations,A
aud,A
landing,A
advertising,A
plumbing,B
else,B
item,B
tales,A
titans,B
ryan,B
considers,A
unable,B
graduates,A
afraid,B
personalized,B
shirt,A
nsw,A
autumn,B
doctor,B
pregnancy,A
gods,B
become,B
beastality,B
herbs,A
yourself,B
commercial,B
civilization,B
publisher,A
bt,B
porcelain,A
visitors,B
pp,B
lonely,B
memo,B
winter,B
charged,A
ringtones,A
relocation,B
seven,A
meanwhile,A
extend,B
streets,A
lottery,A
makers,B
schema,B
harry,A
foul,B
differences,A
kenneth,A
management,B
adsl,B
dreams,B
granny,B
spec,B
williams,B
revolution,B
committees,B
political,A
beta,B
h,A
idol,B
tm,B
cycle,A
past,B
completely,B
basic,A
wood,B
unavailable,A
explore,A
robinson,B
oxide,A
emotions,B
myself,B
knives,B
entrepreneurs,A
encouraged,B
throwing,B
theories,B
remember,B
sb,B
commodity,A
sticker,A
messaging,A
diffs,A
whom,B
ce,B
fe,B
presents,B
roberts,A
ordered,A
specialized,A
flesh,A
buyer,A
podcasts,B
eva,A
language,B
giving,B
bubble,B
oct,A
movement,B
perfume,A
book,B
fs,B
write,A
sufficiently,B
replaced,B
hazards,A
blvd,B
engage,B
arkansas,B
greensboro,B
coordination,B
productivity,B
sake,B
missed,B
int,A
oval,B
tampa,A
seasons,A
option,B
mint,B
instructions,B
diversity,A
songs,A
spot,B
bite,B
pictures,B
beliefs,A
define,B
diesel,B
request,A
allah,A
nec,A
dividend,B
immediately,A
requests,B
keeping,A
suite,A
advertisement,A
playing,A
moldova,A
styles,B
leasing,A
ata,A
shake,A
life,B
underground,A
med,A
eh,B
viewers,A
mean,B
dat,A
sunny,A
leave,A
explanation,A
stating,A
gospel,B
latina,B
graham,B
half,B
liquid,B
west,B
cocktail,B
can,A
ignored,A
tiffany,A
festivals,A
lined,A
competitions,B
o,A
excluding,A
bed,A
plastic,A
competitors,A
butts,A
curriculum,B
guild,A
remainder,A
subsection,B
representing,B
conventions,A
summer,B
controversy,A
initially,A
cooperation,A
transportation,B
fishing,A
motors,B
traffic,A
operators,A
cash,B
greatly,A
stick,A
snap,B
villas,B
stretch,A
symantec,B
money,A
taken,A
wise,B
contributing,B
symptoms,B
dollar,B
convert,A
brings,B
success,A
destroy,A
instrumentation,B
hobby,A
paso,B
law,A
prescribed,B
finland,A
exceptional,A
bag,A
stuck,A
panama,B
remain,B
entertainment,A
francis,A
soonest,A
ny,B
hospitality,A
rays,B
ronald,B
aol,A
ongoing,A
film,B
peers,A
indoor,B
cancelled,A
chronicles,B
spiritual,A
these,A
communicate,A
tire,B
rebates,A
options,A
change,B
chemicals,A
insects,A
adapted,A
railway,A
homeland,B
spam,B
matches,A
trading,A
exception,A
gen,A
relevant,B
places,B
prep,B
telecharger,A
echo,B
crest,A
jewelry,A
purse,A
led,A
influenced,B
marie,A
bon,A
compact,A
guidelines,B
risk,B
ratios,B
blues,A
aus,A
objects,A
flower,B
fast,B
babes,A
memorial,B
prizes,B
best,B
cities,B
remembered,B
ruled,A
cooked,B
sport,A
logging,A
lanes,A
thumbs,B
farmers,A
quarters,B
duncan,B
cas,A
quilt,A
bush,B
skin,B
heath,A
jumping,A
consideration,A
likely,B
hudson,B
resort,B
forty,A
pichunter,A
citizens,B
permissions,A
rendered,B
geometry,B
wrapped,A
cost,B
dozens,B
doom,B
swingers,B
some,B
essex,A
leu,A
pounds,B
photographer,B
require,A
venue,A
pill,B
bang,B
golden,B
wishlist,B
deleted,A
packard,A
butter,B
squad,A
notebook,B
added,A
ro,B
lakes,A
willing,A
made,B
de,B
voyeurweb,A
regression,B
ellen,A
cache,A
renewable,A
technology,B
justify,A
til,A
manage,B
persons,A
offense,A
identifies,B
kathy,A
gb,B
julia,A
reaction,B
calibration,A
radar,A
monthly,A
retired,A
mounted,A
game,B
suspected,A
good,B
yellow,B
margin,B
waters,B
savannah,B
php,A
mb,B
oh,B
constant,B
cnn,A
reggae,B
content,A
rehab,A
respondent,B
sn,B
club,B
propose,A
surprising,B
recent,B
stolen,B
goals,A
compatible,B
presented,A
off,A
sega,B
launched,B
com,A
turtle,B
surge,A
going,A
bench,A
thompson,B
warranty,B
collection,B
pb,B
unique,B
dispatched,B
shopping,B
acquired,B
medline,A
seek,B
transmitted,A
jewish,B
fiction,A
invitations,A
yukon,A
direct,B
childhood,A
continuous,B
dutch,A
remains,A
telephony,A
operational,A
opportunity,A
acknowledge,A
females,A
live,B
useful,B
investigate,A
horn,B
doctrine,B
chorus,B
chen,B
announce,B
shipments,A
queensland,B
handmade,B
libraries,A
ricky,A
unlike,B
ad,B
delivery,B
duplicate,A
scratch,A
directly,B
recommendation,B
dubai,A
size,B
modifications,A
post,B
slots,A
duty,B
trailer,A
taught,B
oclc,B
move,B
arrange,A
empirical,A
gamespot,B
someone,A
newport,A
copyright,A
fits,B
cup,A
intent,B
volleyball,B
ti,B
estimated,A
silent,B
constructed,A
qld,A
worth,A
advocacy,B
ranking,A
hwy,A
activists,A
tiger,A
mayor,A
qt,B
massage,A
conference,B
secure,B
belle,A
leo,A
ee,B
cumulative,B
tours,A
exports,A
governmental,B
aquarium,B
janet,A
polyphonic,B
genesis,A
her,A
stamps,B
plymouth,B
volunteers,B
sin,A
posting,A
introduction,B
processing,B
socket,B
gtk,A
kinda,A
protecting,B
hotels,B
april,A
desk,B
clock,A
testament,A
pointed,A
ld,B
deck,B
structured,B
collar,B
warrior,A
crossing,B
oliver,B
california,B
boats,A
waterproof,B
acrylic,A
roll,B
implementing,B
hardcover,A
sponsorship,A
cr,B
athletes,B
corresponding,A
frequencies,A
feet,B
ladder,B
venues,B
industries,B
belongs,A
wherever,B
cfr,A
icons,A
ext,A
mw,B
weapon,B
drag,B
pilot,A
receives,B
licking,A
vaccine,A
expo,B
interested,B
universities,B
blocks,B
complexity,B
corruption,B
settings,B
continued,A
formula,A
milton,B
gadgets,A
pa,B
wagon,A
small,A
excel,A
fat,A
license,A
ohio,B
avenue,B
remaining,A
alien,A
poor,B
punishment,B
johnson,A
purchased,A
broke,A
ceramic,A
rosa,B
gras,B
announces,A
recorded,B
tale,B
integral,B
rear,B
robbie,B
soon,B
horse,A
horses,B
containers,B
ga,B
generations,A
revenge,A
woman,A
alpha,A
looked,B
tries,A
blogs,A
coal,B
loc,A
might,A
ecological,B
copies,B
fresh,A
meant,A
recycling,A
timing,B
soa,A
territories,A
retrieved,A
essentially,A
peace,A
libs,B
ll,B
perspectives,B
slovak,B
j,A
fitness,A
daily,A
belts,A
tried,A
hybrid,B
ref,A
savings,A
sufficient,B
craft,A
varies,B
ky,B
aaa,A
wallace,A
dv,B
illegal,A
earrings,B
mario,A
wto,A
cyber,A
managing,B
yorkshire,A
young,A
takes,A
commitments,A
denied,B
brunei,B
sense,A
dg,B
trivia,B
rage,B
highlights,B
international,A
drinks,B
daughters,A
figures,A
spread,B
hundred,A
expense,A
refrigerator,B
defined,A
federation,B
earn,B
trains,B
paul,B
gather,B
exactly,A
vendors,A
pulse,A
observations,B
the,A
spine,A
gap,A
journals,B
rice,B
bottles,A
gibraltar,A
arnold,B
towns,A
heat,B
apps,B
pvc,A
imperial,B
patient,A
due,A
floppy,B
ed,B
rotary,B
airplane,B
selective,A
ab,B
moving,B
agrees,B
weapons,A
destruction,A
frames,B
point,A
cheats,B
admit,A
twisted,A
lamps,A
managers,B
turbo,A
undertaken,B
wire,B
specifies,A
ut,B
process,A
oman,B
beaver,B
yacht,A
fiji,B
eligibility,A
smooth,B
finds,A
round,A
firm,B
adopt,A
website,A
credit,B
norm,B
generous,B
kidney,B
burn,B
refurbished,A
ho,B
editorials,B
goat,B
croatia,A
deluxe,B
strength,B
diff,B
treo,B
reward,B
cameron,A
reserves,B
dvd,A
characterized,A
pledge,B
idle,B
efforts,A
cube,B
runs,B
possess,A
affiliates,B
font,B
vid,A
xerox,A
johnston,B
walnut,B
even,B
barrier,A
rebate,B
prescription,B
character,A
tribute,A
drilling,B
posters,A
sol,A
optimum,A
workstation,A
discovered,B
medicines,A
israeli,A
conf,B
exposure,B
center,B
,A
listed,B
board,A
chevy,A
ruth,B
mad,A
reviews,A
ford,B
goal,B
pulled,B
mainstream,B
few,A
beans,A
ampland,A
formed,B
depression,B
disney,B
decorating,B
gm,B
virgin,B
usc,A
hook,B
targets,A
rand,B
view,B
node,B
event,A
temporary,A
usb,A
preparation,A
intensity,A
fog,A
spirits,A
learn,A
connections,A
yea,A
sequences,A
lat,A
attempting,B
complaint,A
brook,A
rpg,A
authorization,A
of,B
sharp,A
stakeholders,B
colors,B
preserve,B
moments,A
meal,B
doctors,A
univ,B
solved,B
flu,A
pattern,A
photographs,A
barbara,A
music,A
motion,B
ali,A
peak,B
diameter,B
slovakia,B
penny,A
nottingham,B
guru,B
fridge,B
hierarchy,A
funded,B
hotmail,A
vacations,A
absorption,B
participating,A
investors,A
library,A
conferences,A
limitation,B
latter,B
aged,B
speed,A
midnight,B
passion,A
arcade,B
connecticut,A
dialog,B
marine,B
gps,A
verzeichnis,A
colorado,B
correspondence,B
proxy,A
distance,B
engines,A
decade,B
advisor,A
logs,B
used,B
pas,A
excerpt,A
already,A
market,B
indonesian,B
image,A
environments,B
texas,A
mission,A
c,A
baseball,B
connecting,B
heading,A
painted,A
cu,B
region,B
marks,A
picks,A
christmas,A
audio,A
social,B
director,B
webster,A
turned,B
beginners,A
trim,B
ends,B
mrna,B
ethiopia,B
working,A
rapids,B
intake,B
managed,A
cuts,B
assumed,A
name,B
tune,B
litigation,B
pro,A
indicate,B
newsletters,A
develop,A
box,A
states,B
conclusions,A
wonderful,A
vegetation,B
coupon,B
hawaiian,B
basically,A
tf,B
webcast,A
defendant,A
legendary,A
airports,B
dental,B
walked,B
scenic,B
once,B
sapphire,B
mighty,B
sparc,A
immigration,A
billy,A
exotic,B
russian,A
hop,A
systems,A
enjoy,A
processed,A
lib,A
librarian,A
concert,A
commissions,A
divx,B
supplies,B
repository,B
buys,B
climb,A
usr,A
very,B
formatting,B
feeding,A
bills,A
computers,A
marketplace,A
painting,B
grain,A
richardson,B
subscribe,A
graph,A
list,B
optical,A
usda,B
buy,A
set,A
void,B
innocent,B
conditioning,B
blair,A
precision,A
phentermine,A
meter,A
spreading,A
massive,A
dts,A
sorry,A
incorrect,A
hugh,B
diet,B
ron,A
determined,B
elect,A
prague,B
atom,B
lots,B
smithsonian,A
chuck,A
second,B
llp,A
changed,A
mar,A
breed,A
syracuse,B
evaluated,A
commission,B
inside,B
pioneer,A
jack,B
booty,A
laptops,A
student,A
sexual,B
recorders,A
exhibit,A
went,B
instructor,B
mood,B
replica,A
cabin,A
bureau,B
transformation,B
doing,A
truth,A
programmers,A
foundation,B
babe,B
ban,A
brian,A
rivers,B
guys,B
vii,A
seemed,B
prepaid,A
zoloft,B
arabic,B
queen,A
lies,B
medications,A
indicator,A
replace,A
hurt,B
mat,A
fluid,A
dome,B
davis,A
movie,A
developmental,A
tenant,B
limits,B
gilbert,A
mon,A
href,B
fatal,A
pursue,B
keys,B
telecommunications,A
sys,A
yeah,B
ring,B
budgets,A
consistent,B
lancaster,A
throws,B
show,B
pleased,A
should,B
reaching,B
respected,A
origin,B
screens,A
couple,B
shares,B
minimal,A
swing,A
anger,A
customers,A
checked,A
labs,B
prayers,A
experiments,A
stock,A
machines,B
isp,A
switzerland,A
funky,A
infections,B
monitors,B
smoke,A
investments,A
head,B
trackbacks,B
promotes,B
either,B
acquire,A
conversation,B
genome,B
consultancy,A
precise,A
girl,B
situations,B
flexibility,A
bachelor,B
translated,B
claims,B
everyone,B
animals,A
bicycle,A
excellence,B
men,A
produces,B
double,B
proudly,A
installations,A
substantial,A
rotation,B
generation,B
upgrading,A
designed,B
builds,B
orlando,A
miniature,A
puzzle,B
spouse,B
currently,A
crude,A
certification,A
johnny,B
philips,A
mazda,A
surveys,A
pf,B
aaron,A
profit,B
ez,B
lazy,B
sink,B
abraham,A
africa,B
whole,A
occurrence,B
mg,B
stem,B
grows,A
waiting,A
amplifier,A
studying,B
elected,A
christian,A
epa,A
goes,B
tulsa,A
blogging,B
er,B
health,B
describing,B
reply,A
amongst,A
lending,A
irc,A
classes,A
burst,A
victor,B
gerald,B
largest,A
uk,B
rhode,A
korea,A
allowing,B
cited,A
lovely,B
procedures,B
experienced,A
different,A
ericsson,B
consists,B
dryer,A
metallica,A
canvas,B
conditions,B
economy,A
preston,A
mobility,B
logan,A
okay,B
keyboards,A
incorporated,B
particular,B
cruises,A
upset,A
trips,A
modem,A
std,A
dl,B
attendance,B
premier,A
ccd,A
anonymous,A
priest,B
continue,B
subjects,B
dragon,B
rat,A
governor,B
contributor,A
autos,A
noted,A
afterwards,B
dd,B
precisely,A
ebony,A
greetings,A
constraints,A
refresh,A
combination,A
pink,B
apt,A
bangkok,A
india,A
allocation,B
bp,B
survivors,A
distributor,A
viii,B
usa,A
transcripts,A
greatest,B
boy,A
disciplinary,B
shown,A
jackets,A
thai,B
carlos,B
fixtures,B
fold,B
chad,B
accounts,B
studios,A
exam,B
closest,A
movies,B
loads,A
clinics,A
lovers,B
standings,A
hardwood,B
template,B
primary,A
ph,B
ict,A
mediterranean,A
how,A
oo,B
deeply,B
listing,A
during,B
wr,B
ca,B
setting,A
timely,B
models,B
located,A
adaptive,B
heel,B
golf,B
perform,A
projects,B
lip,A
reactions,A
amateur,A
armed,A
guess,A
anybody,A
slight,B
gates,A
spring,B
installed,A
fascinating,A
focal,A
dying,A
minds,A
extension,A
plenty,B
sweet,A
persian,A
hands,A
celebration,A
appear,B
chamber,A
clarke,B
prevent,A
stages,B
jeans,A
bears,A
careful,A
wife,B
th,B
proud,A
cingular,B
parcel,B
wines,A
cubic,A
elsewhere,A
omega,A
actively,B
running,A
browsing,B
qualities,A
inc,A
temp,B
adult,A
gzip,B
upgrade,A
pipeline,B
yards,A
herbal,B
fist,B
equity,B
constitute,B
packed,B
successful,B
verification,B
barbie,B
cruise,B
ensemble,B
scary,A
df,B
estimate,B
midlands,B
deadline,B
tp,B
bm,B
watson,B
kong,B
free,B
advice,B
brighton,B
nowhere,A
eminem,B
thesaurus,A
normally,B
school,B
ssl,A
deborah,A
adjust,B
eu,B
gratis,B
gst,A
drum,B
troops,B
enter,A
issue,A
theoretical,A
evident,A
delhi,A
gain,B
mechanisms,B
quite,A
depth,A
rats,B
interaction,A
win,A
crime,A
continuing,B
bored,A
deficit,A
rings,A
confidence,B
answered,B
intranet,B
missions,B
metals,B
absence,A
clause,B
api,A
dsl,A
responding,B
naval,A
cookie,B
structure,A
recognized,B
junior,B
hl,B
affiliation,A
prefers,A
collectibles,B
warning,A
achieving,A
violence,B
files,A
generator,A
parallel,B
symbol,B
coat,B
limiting,B
version,A
franklin,B
predict,A
tactics,A
into,B
hi,B
valuation,A
exhaust,A
functions,A
file,B
lawsuit,A
blades,B
rangers,A
constantly,B
novelty,A
restrictions,B
began,A
ink,A
later,A
jokes,A
ozone,A
names,A
blogger,A
beads,A
work,B
shop,B
class,A
emma,B
viewpicture,A
achievement,A
cst,A
widespread,B
riding,B
till,B
displaying,B
spectacular,A
estimation,B
wav,A
converter,A
folks,A
formerly,B
athens,B
toe,A
charter,A
cindy,A
villa,A
impression,B
otherwise,A
island,B
weekends,B
fell,B
restored,B
optional,B
raymond,A
instruction,A
cellular,B
facilitate,B
politics,B
sh,B
paperbacks,B
briefly,A
batch,A
salt,B
veterans,B
preliminary,A
bracelets,A
terrorism,A
boston,B
jacksonville,B
humanitarian,B
served,B
yemen,A
swimming,B
subsidiary,B
long,B
freight,A
stage,A
controlling,A
mandate,A
builder,A
sources,A
neck,B
provide,A
gui,A
wellington,B
personal,B
sec,A
amounts,A
slip,B
halifax,A
accessed,B
sellers,A
kansas,B
reflections,A
wax,A
wallpapers,B
fish,B
susan,A
python,B
horrible,B
original,B
intensive,A
hours,A
suggests,B
breach,B
pump,B
romance,A
physics,A
connection,B
lo,B
sunglasses,B
shakespeare,A
hazard,B
ideal,A
shame,A
cleveland,A
motorcycle,B
discussing,B
manufacturing,A
ceo,A
paintings,A
pierre,B
petersburg,B
paragraphs,B
islands,A
americas,B
technological,A
ground,B
authors,A
maple,A
nv,B
optics,B
responsibilities,B
methodology,A
biggest,A
wp,B
dev,A
baskets,A
booking,A
pokemon,A
contributions,A
vic,A
beatles,A
members,A
classical,A
soldiers,B
polo,B
pressed,A
animated,B
glasgow,A
undergraduate,A
snapshot,B
vintage,A
devon,A
control,A
joshua,B
hawaii,B
cos,A
mins,B
lock,B
src,A
qc,B
oe,B
units,A
remind,B
completion,B
kinds,A
alot,B
tag,A
shipped,A
resist,B
q,A
mats,B
wrote,A
unlimited,A
cement,B
fonts,A
bow,A
mexican,A
solutions,A
algorithm,A
automobiles,A
drain,A
rn,B
expert,B
bulgarian,A
framework,A
workers,A
concern,A
cod,A
pensions,B
paypal,B
hc,B
malawi,B
investigators,A
et,B
effective,A
mlb,A
wa,B
previously,B
recommended,A
tension,A
easier,B
ha,B
party,A
interactions,B
pest,B
handbook,B
albania,A
cables,B
there,A
consortium,B
complement,B
personality,A
disability,B
grid,B
secret,B
transcript,B
rights,B
tahoe,A
gambling,B
hosting,A
dump,B
americans,A
sms,A
belkin,B
twelve,B
homework,B
bennett,A
arab,B
release,A
cycles,B
mode,B
rent,B
athletic,B
horror,B
blacks,B
associations,B
national,B
rebecca,A
gulf,B
word,B
home,B
variation,A
lycos,A
asus,B
spies,A
headset,A
linking,A
everything,B
timeline,B
eyes,B
veteran,A
personnel,A
epinions,B
float,A
blind,A
allergy,A
jail,B
polymer,A
partly,B
shoot,A
consultation,B
specialty,A
recovered,A
danny,A
magnetic,B
removal,A
olympic,A
history,A
referral,B
cathedral,A
championship,B
behavior,B
informed,B
hotel,A
hate,B
compounds,A
fares,A
enhancing,A
trades,B
impossible,B
enlarge,A
institution,A
jr,B
bowling,A
decrease,B
iran,B
retained,B
medieval,B
thru,B
wired,A
plug,B
protection,B
ja,B
equal,A
remix,A
representatives,A
analyzed,B
about,A
dog,A
knight,B
element,A
travelling,B
actor,A
schedules,A
steel,A
nr,B
comp,B
therefore,A
straight,B
critical,B
applicable,B
controversial,A
bars,B
assumption,B
packet,B
mini,B
supplement,B
westminster,A
heroes,B
isbn,B
wrist,A
involvement,A
mime,B
tell,B
damage,B
gage,B
segment,A
clips,A
editor,B
rank,B
tough,A
thought,A
engineering,A
legitimate,B
retrieval,A
open,B
killed,B
ff,B
approximate,A
apparently,B
its,A
arizona,A
robots,B
forecasts,A
financing,A
calculator,B
mine,B
contracting,A
dictionary,B
productive,B
churches,B
oxford,B
authorities,A
matter,B
relating,B
entry,A
nicaragua,A
disappointed,B
captain,A
championships,A
circuit,A
reliance,B
claimed,A
shot,B
applicants,B
facing,B
please,B
juvenile,B
necessity,A
dt,B
nextel,B
budget,B
components,B
bleeding,B
count,A
chairs,B
techrepublic,B
weight,B
panic,A
obligation,B
signing,A
sic,A
bearing,A
occupations,A
my,B
preference,B
hugo,B
thou,B
collectables,B
wholesale,A
sky,A
architect,A
photos,B
msg,A
bull,B
first,A
ash,A
shaped,B
tee,A
rental,B
modern,B
preventing,B
zones,A
rod,A
cars,B
communities,A
emily,A
facilities,B
dig,A
behind,B
mediawiki,A
forth,A
calculated,B
quiet,A
waiver,B
explaining,B
initial,A
ips,A
downtown,B
wilson,B
sponsor,A
families,B
textiles,B
maximize,B
cattle,B
united,B
happy,A
adapter,A
transparent,A
citysearch,B
pittsburgh,B
alternative,A
described,A
flash,A
asset,A
equality,B
controls,B
manner,B
magical,A
r,A
jc,B
telephone,A
pressure,B
farming,A
fate,B
inquire,A
surgeon,A
sexually,B
residents,A
approx,B
movers,B
minutes,A
algorithms,B
examined,B
terms,A
hot,A
plc,A
portal,B
kingdom,A
things,B
harmony,A
ou,B
case,B
details,A
mines,A
coach,A
tournaments,A
austria,A
reunion,A
references,B
geek,B
occurs,B
damages,A
nav,A
sexuality,A
playstation,A
song,B
representations,A
isolated,B
visa,B
wins,B
eliminate,A
natural,A
dept,B
biography,A
historical,B
glance,B
marketing,A
rt,B
counters,B
fit,A
oven,B
olive,A
founder,A
outcomes,B
floors,B
privileges,B
trucks,B
accepts,A
certified,A
improvement,A
i,A
relaxation,B
divided,A
employer,B
mississippi,A
tones,A
slides,B
shirts,B
candles,A
domestic,B
yang,B
kits,B
von,A
initiative,B
accommodation,A
occurring,A
dir,A
flashing,B
rugs,B
olympics,B
l,A
handled,A
rewards,A
oracle,B
cdna,B
spears,B
analyzes,B
futures,A
counter,A
qui,A
butterfly,A
engagement,B
ghz,A
get,A
browser,A
peeing,B
consistently,B
den,A
corporations,B
config,B
jewel,A
hawk,B
lay,A
boss,B
incurred,B
wells,A
lincoln,A
luther,B
patent,B
submissions,A
partial,A
provisions,B
middle,B
dairy,A
arranged,B
relations,A
declared,B
third,A
turkish,A
witness,A
eyed,B
saudi,A
beds,B
acids,A
they,B
glow,B
big,A
rick,B
exchange,B
mali,B
countries,A
reflect,A
patents,A
dream,A
martial,A
eating,B
brother,A
riverside,A
degrees,A
cet,A
window,B
sagem,A
regulatory,B
dimensional,A
hydrogen,B
land,B
promotional,A
winner,B
virtue,B
compensation,B
dakota,B
belt,B
calling,A
flame,A
merry,A
def,A
root,B
ferrari,A
wooden,B
guest,A
stanford,B
destination,A
talented,B
beginning,A
memphis,A
friday,B
roles,A
envelope,B
collaboration,A
eugene,B
hairy,A
neo,A
concerts,B
berkeley,B
assessing,A
nurses,B
prototype,A
myspace,A
memories,B
florida,A
mai,A
za,B
statutory,A
matters,A
longest,A
happening,A
euro,B
inspector,A
singh,A
aggregate,A
achieved,B
chicks,B
cheque,B
marina,B
indicating,B
manitoba,B
services,B
simulations,A
level,A
childrens,A
qualifying,B
die,A
subsequent,B
mechanics,A
arm,A
associates,B
chairman,B
antique,A
looksmart,A
honda,A
ipaq,B
joint,A
presently,A
alice,A
performance,A
reads,A
vocal,A
string,B
artwork,A
modification,B
exclusive,A
strips,B
depends,A
asylum,B
lecture,A
mathematical,B
rg,B
tracking,B
born,B
maldives,B
stupid,B
guaranteed,B
cons,B
chi,A
san,A
coastal,A
cooperative,A
medium,B
intended,B
ethics,B
creatures,A
lopez,A
tiles,A
database,B
robert,B
graduated,A
login,A
sessions,B
watt,B
olympus,A
peoples,A
lightbox,B
lists,A
evaluate,B
month,A
wayne,A
cut,A
grip,B
aug,A
requesting,B
portable,B
filled,B
innovation,B
dictionaries,B
jobs,B
monday,B
for,A
temporal,B
barbados,B
under,A
nz,B
false,A
build,A
yields,B
criteria,B
send,B
wanna,A
checks,B
ones,B
derek,A
encoding,B
electoral,A
previous,B
unexpected,B
ar,B
hiring,B
was,A
prayer,B
stands,B
framed,B
hr,B
consistency,A
indirect,B
maintained,B
wagner,B
tie,A
guided,B
range,A
expansys,B
herein,B
cabinet,A
mortgages,A
ht,B
ministry,B
pdf,A
royal,A
recently,B
briefs,B
screenshot,B
their,A
phrases,A
admissions,B
recommends,B
authentication,B
calgary,A
coffee,B
term,B
worm,B
helen,A
central,A
charlotte,A
housing,A
qualify,A
channels,B
kb,B
courtesy,B
madonna,A
fashion,A
recreation,B
acer,B
equation,B
nobody,B
usd,A
fees,B
infectious,B
fixed,A
streams,A
noise,A
interval,B
inventory,A
able,B
priorities,B
yours,A
sims,B
enzyme,B
nc,B
hq,B
oriental,B
draws,A
thomson,A
printer,A
fed,A
knows,A
pin,A
adidas,B
tri,A
receiver,B
ira,A
tradition,A
professor,A
edges,A
extraordinary,A
bidder,B
anything,B
bond,B
uruguay,A
emotional,A
vinyl,A
sunday,B
dynamics,B
determining,A
refinance,A
lisa,B
fleet,A
engine,B
fox,A
baby,B
july,B
adelaide,B
inkjet,B
troy,B
costa,A
div,A
rpm,A
fisher,B
hall,B
directors,A
determines,B
documented,B
environmental,A
greece,B
congo,A
hello,A
kill,B
attribute,A
yu,B
centres,A
state,A
malta,A
surf,B
august,B
patrick,A
rover,A
students,B
nvidia,B
belize,B
pending,A
walker,B
wichita,A
seminars,B
be,B
tuner,A
dark,B
casting,A
as,B
washington,B
upc,A
locations,A
editorial,A
v,A
cognitive,A
endangered,B
explicit,B
titled,B
baker,A
qatar,A
ia,B
mug,A
tractor,A
jackson,A
phd,A
shed,B
recommend,A
owns,B
contributors,B
twiki,A
sing,B
singapore,A
dates,A
sri,A
fill,B
bouquet,A
placing,A
recipient,A
productions,A
attributes,B
yield,A
wy,B
springer,B
apnic,A
albany,B
lectures,B
reflected,A
protected,A
gratuit,A
touch,A
incidence,A
ltd,A
universe,B
irrigation,B
flood,A
programming,A
loans,A
armenia,A
mount,A
luck,B
ended,A
thermal,A
remedy,B
expects,A
mountains,A
volkswagen,B
silver,B
machine,A
trap,B
smilies,A
lord,B
kg,B
beside,B
auditor,A
dave,B
thickness,A
tape,B
calculate,A
complaints,B
love,B
unemployment,B
assembly,B
existence,A
livecam,A
promo,A
beast,A
furnished,A
or,B
corps,A
wrap,B
dose,B
texture,A
slim,B
christians,B
tired,A
refused,A
implementation,B
cdt,A
assigned,B
area,B
convicted,A
parameter,A
babies,B
trends,B
alive,A
load,B
progressive,A
clocks,B
trout,A
mass,B
connectors,B
encyclopedia,A
shows,A
experiment,B
moves,A
dependent,A
jump,B
benefits,B
spanking,B
italic,B
officially,B
him,A
dating,B
axis,B
neutral,A
belgium,A
spell,A
cord,B
compressed,B
norway,B
reviewed,B
footage,A
solaris,A
outlets,A
packaging,A
recipes,A
pleasure,B
earlier,A
nt,B
websites,B
taiwan,B
degree,B
tight,A
channel,A
gathered,B
asthma,B
discovery,A
zinc,B
appointed,A
systematic,B
bryant,B
organizer,A
coupled,A
obesity,A
tube,B
challenged,B
sentences,A
herald,B
baking,B
tgp,A
carnival,B
monetary,B
girlfriend,B
harmful,A
speaking,B
publicly,B
parental,B
rate,B
housewives,B
norton,B
lack,B
select,B
wine,B
organ,A
ste,A
retention,A
trying,B
transactions,B
sg,B
hazardous,A
activated,A
periods,A
injection,A
category,B
stainless,A
dk,B
themes,B
les,A
worship,A
allowance,A
sales,A
portuguese,B
finishing,A
screensaver,A
wild,B
fame,B
sandy,A
source,B
nhl,A
dock,B
guy,A
rare,B
according,A
enabling,B
ceremony,B
graduation,B
arbitration,A
heart,A
cornwall,B
fu,B
irish,A
poland,B
mostly,B
express,A
deposit,A
burden,B
hydraulic,A
officers,B
antivirus,A
ski,A
projection,B
marker,B
masters,A
outdoor,A
confidentiality,A
heated,B
reflects,B
rides,A
edinburgh,A
webshots,B
homeless,B
sides,A
jews,B
wool,B
drainage,B
oil,A
teddy,A
bibliographic,A
repeated,B
seq,A
lawyers,A
barn,B
doors,A
seating,A
fioricet,B
shopzilla,A
tuesday,A
nov,A
raise,A
interstate,B
oaks,B
grill,A
laboratory,B
brochure,B